'w‘i”**'ﬂ.z;;e;:;,,f.; i; ==
eki; ;:L”L!;m;-“; Aﬁ
1%'mﬁli‘I;lﬂ“‘"“;:ﬁm; :; ]; 7
L2; vr,d; i; 3‘,;;;,; “_‘_}T; :; 7—
elz]'i; lliih(;;:h”f'l; =; :; 7?_:??:; ;‘!-xl; !i; U..en..,_; it; r; =; :; :; 7:7:"; ?777
1S; b; 18]; s; Fiiey; 1; L; :; :; V; ———;T»T; ?‘:‘; :; :
H!‘ﬁﬁms!id?&':i"":':; 1.2:;%:;33li‘fzigi.,'af_:; i; ,; _-::.E:;:E?—:—:.l;*.%—; :———*—_
13i; ;.~lr;,;,; ::':_razf;:‘giji::‘j‘:;ﬁ.;itig:‘:g._e;; ~=“~-'*—T‘:‘; —“—~:
'i; ;!“,f','f’i‘»-.'i; ,_:;::=:zrgssae?;j:zi:ﬁ?ﬁ::;;_“_:_; =; =
y!; Eft; '“; i; I; i; 4:,;;(; g.':.r—..?-::::;z:'.'.; -
MLH; il; !H{; i; H; fH;::; :'»‘.',m“"L’!::::::T”:;:'r":; _:; 5; Hif; l“; !; {; it; Hits; il; fiiziil.; 11511;2:;'::;:?;gi::‘::.mmﬁ:; :Exa:i:ﬁ:szg::::-:.-E:E;T:::L:i; =; _
‘‘; ¢; H; il; EI; itk; it; llﬁﬁ; i; ffi; 1‘;“,:"':'%,'1'5‘:_:_*; =
Iv; i; iii:m; imp}:; Hh;im:m;’; E‘i’-"iti‘:;z'msh:'§;==-f:1,=gé~'r--,',._~~——-...“_“; =
’»h; ii%ii%é.%gk; -; 'i“'?’iL&.;»ﬂ,m‘.T*; =—
iil; ik; :g;,aé.-,.;; i; it; i;;.x,.é;‘:!ﬁfi; gq:; 3
11i; ,; fits; §§i5; aiti; i; .a;li,gz!.; -.~E522§§ézgsi=mr§; .zisiziis:i:;;sx’-fziizr:!:'E;::gzﬁ:s:e:;i:z.::a::":E;*L; i; Hkil; it; it; “H; {; ifzu,; e; 15fi‘,:Eifzfi.iuét%'::éli'i:;gzgm:::EZ:E:EZ:E:Hz‘:ﬁuissﬁ:ﬁiﬁe:b"; ’1‘.-::———:—; ;—_
l]; ﬂ; i; E!i; .l; Iilii; 3.8; RfE’EEE; i‘m;ﬁ.; ‘§2‘§; iiik'fgir-“g‘i":'rh:izz.:iﬁtnix%::e.es::::‘a-.:“ﬁ-m.-_; —
Li; T; It; fedss; 'i!fir;.»x:; Eai-.ifir‘;; it; ;::;m;fz.'-s-;; ri-‘{ziﬁ.t::Z‘,::4.:1::1:;5:5:2:‘.:—"7‘::.:_:‘5::%:?{:.:‘:'—; -
11-; ;; i; v; fhstaiziol; ii’.g’fdgs; Hh; ~;.{li; it; :§,rx,;r-; it; .q-:;pi»::;::i;:r:.-:.z:::'E;:.-..~.-=:-:;:~; ..':':‘?...,; =; -
ilE; 1; it; E!; lil‘; i; il%l; :E'.;Eflﬂui,; it; S;ﬁ;f; iiifnimtﬁ-; ;i:;:ifxia:,gﬁﬂ:m“.tL:.”:mﬂ:&Tz-nz&x:n?ﬁﬁzzu.‘; =
il”; i; 1; I; l; i; {fﬁu.‘; bt; i; -; ;-g;.:;ia,-.n;g;; .zrf’gai:iziﬁ:sse; g:yisz;::x; as}si;s:5:;25&:;nsz:g_.sqs%%ﬁmﬁgﬁim; ~; ik; i; i; i; L); N; Hi; St; 'l; AH; i; !E_.zi; :P{:-';mq; i; .t=§§:§;; ~§=:z:i‘£; :'~,:2:':151f:;i!{;;:is::-::ﬁzr“i.; -:5&5:‘:;"::”"; -—‘::
iI; i; il; il; i; i; ﬁﬁiiﬁiszﬁ{.&%ﬁ-; f-:"“?é';ﬁsé;%;::éwgé-sﬁa;“,,”zfsf‘”M
(AtIl; i; il; i; il; it; i; ;; it; i; H; sz;-zéi%;aisﬁééa;%; FHPT*mw; :
4bl; t; H; b; b; b; i; s; bt; i; q; il; ::’SSE-; :¢E~Z;'::E; -::-;-::!?5.; Ezi.ﬁ:%ﬁ:g:zzk-::&m-; “-E::"m—-——m; m.:-—.; :
:v“’; ‘{; “; ‘;; EEJ; ¥="¥; ‘; lf; gz{; mq; qg}m;; :iélgg““g‘s;.htnii§=:::§§'§:%E‘"‘-5;:525,::§g=:::=5:§:s-::=§:=5:‘;::FE:E:'E-::E“; “:.—'I...—--"'-—————"—.__———-—
(ei; i; i; i; g; fe; i; it; zzfaxi?‘éti; E;g‘a;"*u,:-pf.;r&se-s.,.gﬁ:E.;E":?L“:ﬁ:w“V"#L; =
iA1t; il; flilli; Hilt; HHER; et; i; Hitelt; i; 3; i; st; il; Hwmw»u"“ﬁ“_}m; :
iit; it; :; i; i; it; il; {; it; aégélii; i; it; s[;{asziéxii; w“%#*mu%
Ii; (LI; it; Rl; &; HHHE:; i; i; §; !; Y; i; i; i; iﬁ!iw; HiaH; i; §v-‘:~=‘=E::=§,§n.::zhung5‘::““::“.:”%::&&:::"&““‘; ‘; :; i1; Heradl; §; .; .; i; HH; BEH; i; it; qz‘.sp.:; -:»,;,.-.:....-:; £t; ........-:-,“"u""; .:"; e; :; :
,‘; i); :; i; i; :; HiLiH; it; it; i; il; 55;; :EMF; :;:‘E-z:*:i-‘::a;-:zs:s:.:===e.:iﬁ:i:é:;:::=s:s::r::=:q5._.3:5:E:E.F.:‘:.3::”:“::;:=~; g; it; I; i; I; i; i; ,e{-;zgé:s;; i; L; ;pem:w
ii; e; ;; i; 1; i; ;; HHH; ':§;; se; i; it; Hitt; D; ]; ::..==Es==:=3==isé=i=i:'5;3:5,5515%3::E'E:E%EE:E:E%E&:?&:;L:*—
il(L; iHELHE; E; H; 'HH; gl; iRl; i; i; g!‘; §;:,E:; G; i; .g!l:grt; ;t:,:z;,n,; mzzm; :‘§:=E;=:z.::.s:==::';3=,:=::=:=:=--;'::;:::m:.““:mm.zz"1:—.—“; I; I; ;; e; i34; i; (i; ‘; ‘; Hit; gt; .r;xz-i-i; I; gﬁ.’bi':?E:"%.:r:':”"EE-:--H:%EEEEEE.E:.:’::E:'&::%'; i
t;; “Ml; i; [; il; Ei; il; i; il; i; o; *;Eéizé'ge; .; %; gﬁ,gq?;;sﬁg‘z?;g;,f‘?‘g;;m..:‘sezggzn,,,‘:«mmw; :_:j
Aih; i; ]; !:,‘”-‘; g; i; o; {1; ﬁ; It; .; l; -; i; fiit; i; gr;; Gkt; 34; .=,=.E,=; i; Ei; B; it; st; .-§;§5§E=E:==; :Ehhks:E:..Eﬁé=§‘=:5‘-5:5,.“_:,:E:E:E§::’.TE:E:;:-:‘;; ="; -’:
il!; i; ,; i; kY; 1; ]; {; s; 1; i; tht; il'; g;; i; Hi; 3; xgir:;m-; i; r,aih.‘}::xuﬁ‘,i'..ms.:»; ‘:
18]I; B3; !; 113k; SH; 8; ); .; i; A; ¥; i; i; 341; H3; HH; ,;:S'g; H; !';‘.‘E::?:ﬂ; 3343; .».nl:-.::.n..r~; :L:E:-'::::-:::'-:5:7-'-3;::3:::::::25:.::::-.:::::;:::.”:.; Tt; '----‘_1
iH1,; i; L; E“; i; 'i‘; F-JEI:; 3; L; gk; it; i; I; l'i,; E-El"f.l*; s,; :..;rz::; H; ,-::!,:Ex.; i; =!;:{-; -~g-r§,; :ﬂ{sﬁ;ug;zh‘; mg“ihn.g%z.Hu::&-:':“::.h:z::.h:':“:"-:‘m; '; _‘:w
HH)it; it; il; i; ); (e[S; ;; 1hH; i; ‘; i; 'Il; IE; !r; A;ﬁ; E-;.!.rgi'i; i; i; i; EE:!:’E:; $§f,:x§.;:m-3; e; Eqmniﬂ.:izg55’=:-=:§:="“m-:=:::5qqm%.m; =; m
h‘; {; [; i; i3k; b; bt; &; i; 1; 1h; h; 1; 3; 1; 3; 10; 3; I3; 3; i; li‘!; 4; th; b3; ‘ig; i; :gi; !,.1.;,-; se!; :.::ig; i; HH; s; gl-.v.-_.-.X.n,vi?‘.'."‘;-Lu; Soiist:; “:'.--“-,--; ..",—-—""._; e
ii; il; i); i; l; ERERE; i; il; it; il; il; ;; it; P; i; ;; i; i; i; t; 5.i,-=;§; it; it; i; .,.;_;x‘§;; fitih; g; “”“Hm:_‘:m; .:; :&E‘::’:m“ﬂ“n; ::“”::"mm:%c:%m; :; —‘
t‘; !; {HAHE; {1; ;; ISt; KHHE; e; HEl; ¢; B; g; it; e; HI; g; 1; i; I,E='~; “F!; i; H; :=‘=§§-; xzi;t;:E';,_.-‘.u,::::; :::5»_1; :;-555:; 5:--;:5::!:5:2~::.::::-; 5-555:’&5::55::5:::::5::::&.; ==; =
i;[; Il; !; li; i; !; !.!:; ’ISH-; i; E; i; in; i; it; 1; L; b; i; §5§5; ;:55.; i; 55&55;%15;; i; 'ti‘i;ﬁis‘.‘§5§§=§E§E§§§¥§s§§§§e§§§§§igi§§xs§i§§2§is§¥=§s§a§§z§=; ’%:afr;:’{:“m»m““a:a%&?
uqmshguul.;i; il; it; i; i; it; I; i; ;; i; -;,§; el; i; i; r;"i*gié; il; ,Eisfjﬁfg; E*‘;m»:“!’“"ah“%“&:%mﬁ; .
13e; i; i; HHH; aEIRE; [HHEHE; HElE; AL; Bt; i; B; ]; ey; it; il; :; i; A; =.5~‘g,; :::_:gn--..;:ié; T; :i:izt::i:::=:§zvszi:§:=§=; ]; S=S=E:’:55:5;;%55:;:2‘:“%&5&&:;:
iFHE; Tk; it; i; i; (.; 1R; E; 1; IHEL; Ak; E; i; 1; 1Y; i; tog; 13; Hi:; i; .!-.‘lil:i; l;u;:.p:-.‘;!; :-:::':QESE:-:.:-:-:; HEE; ;:::;:::,:::.g:;:;::::::t-;:;-::'.'::‘a::::s:::;:-;;,,&; 5‘-:-.:::.:..::“’:; —--—_; .
il’7-“2;!.;;*-,; fill; i; Lt; I; it; i; i; et; I; i; e; i; i; ke; u=§§;§;-:s§=§§§,; %xau“s“wz.;”‘”_"ﬂm::-«
AVt:l\; Hid; ln; {; TER; L; {uEN; b; H1E; 4; "; 3; f; I; B; 4; "?; 3; i; i; Hi; 3; ‘-g; ‘l’; “E;l-lvﬁg‘iu.a; .::&---.5‘!-:3; -.-.-:-x-‘--winl'gs-'-,;“-l“:"‘:“.n.:x:“"”:'."”:.”L.; -; :; ..:m.; h_
bSel]; i; -sp'-a-;mé; 3;-; il; fitit; !; it; il; 5; it; :g; R; St; 'ﬂfg; filiE; HHH:; N; i; Bl; R; i; Egsi;ﬁ; Egﬁ;-;nhagg,",M”Lmxé%u; _xzm'
s3; 4;'1.';'; it; i; i; ML; EHEE; 41; it; j; o; W; e; EdE; e; i; !; }; ;‘.;z; g; HHEEH; -',,; E; it; E'IE; 3; HE; T; 1; i; 4; f&l-"%‘[?; '-.:Eggsfiziiﬂ;:m; g.::"':".::,a."‘f.ii{.;‘.w..:“.%:”‘.:“
!jHi; ¢:';[f’§ii;1£l\z; 15; i; :; {1; i; W; i; g; e; T; i; i; i; THE; 515; i; -:h?li; 1; E; 3; £; SHERRH; ik; !'fg; gﬁfﬁng.:::f':; “ui§§=; -:-.:zg=3=§=5==:»==3=::§:-::5:; :;--,:x§~::g::-'::§:£=§==::=:§:i§=:,§f=i=5:55;;_::“:&5::‘:.:5::—21:‘““—_:
AR3; EEE; '; #; it; iz; EHEL; i; H; ol; !; i; i:; sl; 1; HA; G; JE; !; !; R; R; HEAE; HEHE; it; 12; SR; i; .m:l&i; :,-:!'-::.;.:.,:.:-..‘-.ns:‘-.“,:x--‘:.«.:.:-.:::‘:-;__.:mnm.?m‘—; :m—; -:‘::—m:”--
x',lxlfi‘l“‘ﬁl‘:“li]; 5]; 3; :; i; ik; "E‘; i8]; ek; lg,; lg; i; It; "1; 8; g; &\; 3; I; !g’»rf‘; HiH; 5]; ‘;E; i; Hild; i3; ,'; l‘,;ﬂ.; HH; 28; ;-..‘t--;_t:',,:““rn"i“:‘“h‘::d=“=".:ﬂ'a'.:n::.’:n::.n.:.”1:‘-::.:-::"; m‘:s:a:?é‘x:‘-.=.=:=-‘
iRti; :-,r;-‘f:-'; {f; i; "; g; Ik; B; ;; Tt; 3; Hh; HElE; 3; 3; :; LR; ;; {Eslal:; i; 4; i; H4d; 3,::&:; i; ;;:-E?mr:‘-Q:";“-J';.c',--..:';‘w; :-m:
i'-~"(Iu.lmvlinvslhx»l?!; Hil; it; HEH; i; 3.; at; ;; i; g; §; h; i; i; 3; HEL; diek; I§; 3H; 3:n; 33t; d; il; ‘i; k; Hanh; s; S; :Kanxanéﬂ,zz:;z‘:mu;:::::-; :M.an“ﬁuusu::‘:Z":.:.‘.:i:m.r“m'":m.“u"
‘;.:; HE:’IN;»LM“M; I; it; i; o; n-,;; i; H; i; i; e; R; F; HEl; iHHE; .; {EiEts; :; T; i; il; 54..1423; EiEHEiE; 5-":.u:r»“...-.’*‘.uz.".:.-‘"“'i‘-'x-"‘.'“; --w..':_-—-,»—w.
Hi3348; ".-qr-g; 1; Hith; H; 3; g.‘.A; iy; i; H; .(Ag,-; it; i; i; i; §i; by; {En; i; HERERE; fi; L; il; $EiH; Hi:; 3-3’%; '“i;;:;:-aﬁszi{;;:; ;-:.%;.::‘i:zn....:....:’~....‘:='.z.«$-“-"':-“".5
1tk:; e; it; ¢; !; Hl3E; L; et; A4l; ]; Hal; Nl; .; shi; e; :; B; 1; ,;,-‘; i; L; T; BRI; 3; 3i2iss; i3; B; =~;-=;; ::xm::-.'-§--..-.::-«m-:-:::-.-:.-».:’;..':..:'-"z'-':-.::'.—-'v-,-1'3*-““; _....__:‘
AH; K:N‘g; Vil;.:; i; it; ii; “;; ‘§X; 1; bie; H; !; {1; H; s; ;‘; SHE; i; 4; 3; :; E; éigﬂﬁifg; 1E§§; Az; ¢; {; &; RETE; ]l!; Kg; 'E:"; E;; "i,l:‘.:,x; s‘-':-:; F'w,g:’-'.v'.".."..-“«vh‘-”.'-«..-'-«m,:; -:--—»—-::——-
33t; [; i; !; !; B; E; i; :; FiEHE; iRt; i; EHELE; at; 3; &; 3; Hit; i; 15; .:.:..-‘; e8¢; -;..::::-'; I; :-::,:;:.'f'ngz; "::::‘,:2:;:::&:.:; Hu;i%iw; “r[; Wqszié.;; HHHE; l; "3; “:}; ;; :; 5; E!vw; !‘gw; ﬂ:l’; ﬁth; 51; .; .éi; ,;; ‘gg’iz; E§§=_z; Léﬁ?t{a,;z«‘; 5“’5:5%"3*"‘*.,;‘%
.i; s; it; i; et; L; 0; 'Eiﬂ!g; i; it; :; afi; i; i; i; it; it; égivsf;ﬁ-.lgg'; i; i; E‘,‘; ki; Hiti; ?§=§s§§'§; .‘ﬁﬁégi:g“h%u“ww
ii; 1§; ST; i; 1w; i; :; 1aEs; i; §; 3; it; lE; $HEL; g; §; LEEE; 3; !; i; ",-_.-; S; N; HY; 3; R‘::'I:E; .’3:-:2:3; SR; ..::::::::‘::"35:'::E:’:::tJ-::‘::‘E:’::::u'i:fg'::; gnzt:::::t;:-ﬂ:i::'t‘;ﬂ;s.; :::“-:::::—; ..;qiﬁ.itdiiau{; 'S; i; ik; zw%.iﬂ.; H; ‘i-t_-l.; E!;E; S; §; i; sl; e; i; Ghed; i; é; oy; 1; it; H; i; it; §§:4§§§§; i; i; =§§=§:g; i.-:ﬂ”“i"s.”"g_x:m
sSgl;sv.13§; o; ki; iU; —; i; i; i; §=§; §‘§; i; i; i; i; et; i; i; {; 3; ’J*s'-giSJ; i; it; B; i; ‘iégi-*gf“;:;-'; =i-i£§§;5; ik; t-:.-:.f;.;s%“d“‘x,nx“;; ==
;lvh:'z:is'i:”Ei; ‘; }; u.irgv‘w; L; i; it; i; i; HEHY; tH; {; iHs; i; il; §; 3HE; s; i; :-‘E-J;i; EfEiT; :; b; B; i; HHI; if; it; e; i; :u.aint; «.-&-,-; ‘=-.;:§«'-'=.z
3oz; .;._u;:-m; o; it; k; TEHEH; :; IR; 4; THERE; i; AhisEE; 3; BT; HEH; JE; i; s; Held; ..-;},E:; 3%; E-.r:; 8; Si; 1; i; HH; ﬁ::::-:‘Ei..::::ﬁ;::‘»::.:-:z:-:::-:-:-:-;:::’::!.E:::-:::;:l:m; *::3'3333:;:-:3{:;:~1-:~:n::;:::»=’:~::::'=:=~:~:::=::::§27‘:_:_E:‘; .
_.;»».;u:qﬁ.l:iz{}; &; -.tibiﬁ‘n; ﬂsgtﬁ; it; }l; 3; Hih; R; i; i; i; HEH; HEH; o; Y; E!; ‘5§; I; E; H; kil; El‘; 3; et; H; i; 'E; *.::"l,; g; Sects; .; i; i; g‘“é:,"g‘..“"!”..; :--.:.:.;.--m_“::.:-
:e; ::::;::,::;.; i; :.‘x\.».}:;‘-‘-}:; Bt; i; =§; §; BT; i; i; 2ty; i; *E; N; ENE; SHEH; §; !; 3Hik; N; i; HEEHs; i5iE; 4]; &; il; i; =',!=..'E=; :5::;«::5::‘3,:;::; "."M"r”hhurv
S::x:rﬁ:::; sféx.:mgiw; .grsgiii’iai.; i; i_&i; :; it; §l'En=.»~; i; FiEEl; H; EHE; =§.5; b; th; s; Hi; higms; gs.l'é; §; 5§; SHEH; i; i; i; ?; i; ﬁ; -E“'*s."aL
3«.;?:.;:;3::-.:2-"::5; i; i; SRR; ihit; i; i; 1; i; :M; Hi; i’i‘; A; B; Hits; HH; 135; ';; H); ]; EF‘E,; Hali; i; E{; g,i,; ‘; E!é"; 55%; H:; HE; igunﬁqiﬂiﬂ:=:=§=-‘-i‘gk:z“g=:=m=:=r:=»;:::::z-ms:::r.:i::::::; ); :§=‘§5~=-=?sEE~-::;-'Ei5:s:s:;::::s:!i-;::;z:knh&:“:.m:s::.z&:mm}:um
.;-;-.;:;:;:;::::;:;:;; s; ¥; :~-\1~.§;535.m; i; i; -lz‘?; TR; §; Y; B3; 3; ;ghzf:; i; i; el; Wit; i; FHE; i; it; e; E; i; -,1§§-=,; it; T; i:s:;gs;--za»i’*ais:s:g:s!.; 'aiz’“-;%f:f;:‘::::sgaa:s:siai:izizhs:s:eizas:ﬁ-=E; .:":fﬁzss?.;;kauxg=::E:§:§m'kslhmmmﬁﬁﬂﬁﬁﬂb:%ﬁ%ﬁ%
;::3:3:;:_::;;:i:i:i:::’-:; .; .-:?ﬁiggﬁﬁ; .; §i—; iEHE; el; £; ik; s; ity; i; 5; ;;5*15; Y; i; Ehﬁ'; ;; e; HEY; 18; s; Hi; i; et; ﬁ; it; r“%‘i; ﬁﬁgdr; gé:-,:a;;:-::u&iin‘s;; Fﬁiﬁknrnbrr
:;E:E:::::L::E:EHN“~w‘?ii{’ﬂ:-m; aa; &1; 8; ;.}3‘14; i; EYE; E‘:!;; i; i; SEE; gib-‘%; i; HHaE; £; £; i; e; B; i; pIELs; ]; HER; &; i; HHHE; Bidie; ;-:;-,-:; 51; ey; i; &‘gﬁﬁfn:--aa:;;:a«ﬁ.t;:sﬁn.; n"i“‘:.’kﬁ:
::;:;:1:4::::::-"i; i-it; A8; e; 8; s; 3; JE%::.; ::'E; H; H; R; El:; g; £t; i; St; &; 3; 3y; i; i; h; HEE; HHaH; Salin; B; Eﬁ; qEd; B; H; 121; i; :=E!§; fgig; 28; i; H; t§5*§5:-:; ,‘t“’f‘:."drg.w
;:;:-.::-:;::-'..::?,:s:‘:x::it; !#‘.5;3; i; :.5;-=:§§:%-§sa=§g-45; S; 1; i; R; i; i; L; HH; ag.%; &; A; HE; i; AL; HHE; HHE; i; i; :s:&ii; i; £; i; *:fé»; “"”{':‘Z“:w%n; ::!:sﬁisi‘-:itsgs:h;;,‘:%ﬁiﬁ?; :ihhkm'gaiuys:hh; mzﬁzaxﬂE=g=?Eg:i:&:éﬂs%E:E:E:&EEE:E;E:E&:&E;
Ekh;':":ih}:srm:mo; L; &; d'-vs:'ggc;;:“gm?-.; N; -:i.n‘f%EME; E\&gﬁ; ;.::; -; 8; 1; ii%; S; £; Eﬁ; st; KR; i; £; g; Hns; SHE; iin; i; §; "Er'; 3; i; HHE; &-mz%%;i::’%:s%i:::gzir; ~~§:z£;:=.==x::=553552§:; s; §§:=5=5:=-E!gsrsx=i; i:=:i:§53.55=5vE§!xizs.;izizszi:sza!=:§=§:5:=:§:;:=.5i:=:§:‘::::-:5§»E:.f
--j..::::hazj-zs:g:.:m;i; oL; :ﬁésﬁasﬁzsz*ii; i; HaER; i; b; £l; ~EE§=E::~4; HH; HEEH; Bt; e; HEH; i; e; il; tge; i; B; iz; HEE; ;::i?ei::gmaisz-m; i; i; :.E-§.§=-:,"§.s=:-¥ksé.-"=:—z~-““~?; =
::;::::sz:,::-.-:::xzi:sh:; i; R; ﬁ:.»:-:a:ﬁ'ﬁzgizlmpi; EBIsE; i; hwsam; i; i; i35; HEa; H; ..::»:E; ¢; Hi; it; HEESE; HH; i; Bz; i; m.s:.:’&g,; 3; i; iie; .:ﬁg:s:;:ﬁ::;?ﬁ“?.:53n:g&:i:;::::;z:-::ﬁ:i!f:; :Eq:‘:::’:ﬂsﬁkqiz-iﬂxi;g:hﬁﬁii!iﬁ:::i::; ﬁgﬁmg:&5.:&335’&5::zs_“.:hhhs:m"::.
-,::v::;:~:5; ;:::-:;:.'; ,E:ﬁgh; ;Ssi&ih; SE; "’""-?%ga; ﬁ,;; ‘ﬁeh-‘-ﬁg; ===§x=§-; HHH; i; i; ;»-y.; §; i; 3Eis; HiH; S; S; RHE; I; HERE; ;; 4-,1»E:‘===;§=; i; 31; =xﬁi}=1§§; r::;:::ma:‘z-5!3&:5%:!:-.;:-x:::;:::&u:=:=:=!-‘:;:=¥:§:-:;-::;::;u; i; :-.tz:g:st; .:5:::33:::’qhxu:bm-nn'.:gmunuuﬁzunaxn.:E;;:.:“h
.:v.:ﬂ..;.::-‘.~,.-:-...-,; g; by; I; 1.”,7-_.; {h; s; E-‘-yja; 3-1::»:;;?3%}-?:; I; i; IR; £; i; il; -; 5; EE.; et; i; i1; g; 3; HHH; §ﬂ¢; ::;:;:‘:.-ﬁ; s; u:-:::-:-; :'.‘cg‘;»:l‘-!i;?!!xt‘h; -:1:5-:-=~; Hi; :::.2:;.-:-*:}5:!:1::;:; '-rﬂ-:-::;:::::-:.'!x;--.:::1:-:-:1:,; :.::;:::-:-:-:--.»::x,:.:“i:—-j—--._:;u?
:.:.:::::.-KIS:L::E#Ed::mﬂhziu-mm:‘?-"..z,-su:; =~i'l)'-5r...§'-; %; v"«.;::?gqi:;fa"; iEE.»zgg-.; HatEE; EidE; B; &3; h; giis; £; *;; £; T; 3; 15; E;K.E:H; i3; E?iﬁ; £t; He; "E*-; ﬁﬁ:-:::-i.%ﬁfihb;s!:-:-:u; :;::ﬁ-....xsz-ﬁ:y; -:-:,:-;:::E:; -:1-.-.{'“3!":3'.~lg:~:'l::!x-!33=:1":-‘3:!;:‘7-:'-".2:::1::-“33::':-:',”A
:::::7::::,»-';,;::u; 4; :*1:5‘:;-15; Hoger; ke; s; Y; it; ’:ggs,:; "ﬁ?ggﬁi:*'g; R; Eg,:&'é.u; e; S; 1; i; 3; &; $RE; H; '-[‘5; i; it; H; ;?;; Sz; BT; :::-:!:-d::; &; ggm-ﬁ; Ei-::—:-s‘:_ﬁ;i:f;i:!:; ~§:-t=‘-.=£5:5,=§.i=;§§; -:~::::‘::3’5;.5:&::3:!‘::»;:sl.:.;":.:..::.:!::‘..‘gx‘*
.::::~:::«-.-Eh::m".-:;'igaﬂt; 3; #; S; EE--':; {§§; i; i; e; tagt; i; St; e; Hi; iR; i; iE; R; H; 3; it; Sk; -E.-iﬁ; N; £; gdlx.; i; &; it; !::‘ﬁ:h’.‘.; :f‘i‘; £; -ﬁ;i’ﬁ%.:&:’ﬁ'-:t; Tt; -&ﬁ.qss“m--m; :::;uz-ﬁ:i-:ﬁra; Hi; :::b:-:-:;p:‘-'.s::::’xx:::;xg;::,::_?:::::i:-m:‘:::s::.::::-:&:“m:'.:E
-«,-::-_-::x:z;:»wPRI; A; Y; #; £; "’-.”-‘JE?EEE'-; hp.; :cg; -§§'~E=:5‘".; Sank; SR; 5; Sriatat; 3; §~; HEY; 3; S; £; b; E; ShH; JEisE; .‘i-:ti.; i; i; ;&,'3;; i; 5; ':»gi‘*si; &.-; H; =:=;=2?,E!rs:-:lgﬁaggx:,zeﬁin:::‘:::':w:; -:::::;3:.::-; g.'-‘=§=:-;:5§5§; ::.h?:; :l-:Eh:::;;; .:::::::;;;:-:-::-:tn_:;:v::.,:.;&_;.::KE:E:_
:wi-,:-r-!«_w_-‘,.-.':{,.;:; :-5%:5; i; e; 8; bmeitls; i; 5"3!15»..\:; 5; ,"ﬁi; tﬁn*~§§§»'§3; B; "”.:3{5; “?:-v.,; i; i; RS; &; it; 2; K3; s; H; i; i; Hi; T; i; §‘;!;-; :3535;:.-.;;‘.; ::‘:'::E.'i‘.-.-; -:tg.d;?::-:!:!:-ﬁ::;;:; i; .; ="=§:“; hpﬁﬂli; :.:u':.‘:::':nn'm:.=::§:E:::Rﬁ-:.t:;":.:n:‘rm?
.—.-.;:;1-'-t«::E:"r.:::; FHIE; tw; .ot; S; i; xig; Y; e; Ha; Gt; ideiahd; feieh; 5]; HER; Hs; il; SERE; i; 3; i; -M:_z.; Sl; it; i; 1; H; -_LE; S; i; =!§=::=§:::*--:=E::=::; .t:==,; :--:::;zv;:; Hah; bé:ﬂ""}!.; o; =".E'.; :r.“uu:..:ih:.anz:&::‘hL:.:l::u:;:‘?:;m::.::_;:
T~'“i=*‘r‘-:"§-'-'; g; fiaat; ':FE; 3; SR; 3..; N; gt; H; ‘:}'hf-a’n; L); -«h;; =; sﬁ.; £; L; S; B; &; §Ha; ¢; £; 43; E}-:; R; 38; .-.Ei.qt; Eidtis; :{:»}; 5; B; 3; ik; Ha; -;»gﬂ:-i-'r'-:‘:-t.g%::’:-'-l!f; 'K;S:.::.'; £t; S; S; Y; :!_:-.-:,x.:»; -E::.-:;:::-:-:---::::;:,:.;-:.:4-:; 22; i; :‘.:.:':‘
vr-.,-:--L_at].n-,mtn5; &; 2.,; %N‘;»; R; s; i; fite; -~’:":\§f; H:; i3t; 3; A’:“n&:; 3; HEE; i; i; B; i; i; £; i; E3ELE; S5; £; R; SEnE; 52; ik; i; s; .-.:.-..-.-:-; 3; S; s; -.gr-f-:.-; i; i; m:.“:.‘i:"; ’:."":.:“L“.E..”:':'L-».E.J“‘"“k:«i
$-:;:—:-:;:.:::.v:q-‘.:r; 85; S5,; Hi; T; B; this; &!ﬂ--,ﬂ.-:gs.; i; :v'g:*’*_; ;&%-‘;@:»ﬁe; S; S; o; see; i; 51; H; Bl; i3; ~-§§§§;; ’t“ﬂa“u; '-!i.;é; i; i3t; ::':--i’!..;ﬂg; !‘zsxiiniv:-:-:*!-é::-,::-:h!:th;!i; -:-ifm; Ermfz; i; S; i; :;t,:=~:-';:=:.::‘::;::;:-:~:=:::=;-:::x::~:::=:~.:‘nﬁ%‘::L
»:}-::;z;:«‘,:::=~§53:;; 38; =~=::=§§EE‘€; »:l:,-n; it; ..i:ai:ﬂ:ﬂ.a::ﬁ; Rﬁ?‘vﬁ-:“q.;;asﬂ»ﬁ.; FaEe; &3; ~g§.;:§=; SRR; ééﬁ; Ei; i; H; »!ﬁ; i; it; i; -fm-zs; &; S; HHH; _;;L‘f-.‘-‘-.wi»s; ‘-n.;; t-,-.i.-; 5::-::;;}?--;::‘.:;&:;2°..'.‘.; ::w;:; _:25*1::.; !:.:xh; :fh-iz; :.§.:;=:=; :=:;::E:g.;:-:::;::;:::::~:::-::::::::::-:;:,:::i::r:
»;gntr::;:‘r:-_;n:is--,g.; -zm:~_,.=:;; i; tEhe; SRR; sE-EF’_.:E-'ﬂ:-l"-’P; '~._:'§=;;; £tk; *é:ii.r,z; _dtﬁgz‘; HE; HEH; SRS; 135; 12l; i; 3; £; A; m,-.!; 35; i; S; a3; HEH; S; st; 3; iﬂ; i; -:ﬂ;:s:;:n; i; RIS; :-3-,:3::; 4; :3.5.5-'; i; --;xgzgz'-t; 5:.5:5; z:b;:g:;:g;;s-g.:_s:szsmsz.:n:x&i; EE:E?‘&E;—:T
u»w.."ﬁ; %‘;*fiﬁwﬁ%y'i; g“%,sx*@gg; ;; i; i; Hl; B; i; ]; i‘*; 5; i; Ligii,;j;gs*;aiﬁég%; ?‘ssﬂg; ‘J‘; *g,ﬁszhd
5:-“:::5&3,-!.Er&E:E::-:.; -.8?..; g; 5; i; s...=:=5==:-:-===‘~§; -:e"E;.z'; :wg; HEH; ;ﬂ;;-«.; Siehi; 3; R; ’; ok; "hf; 2; i; i3; E; ;; 3; Hes; HE; £; HatEs; Hih; i; "-::E:%ﬂ; .!»z:»‘;; 5:..=:~=i.; .-:.:.:n:p,s:s:-,; ~==;; Hi-ii:; 3; ‘;.,::.:2:5-5; .::s:fietzi;:533:&!5.:::Ehsig:::kﬁﬁsges:-:zﬁ:TT;
.::'::~:~;.i; Bt; St; »; 8; h; e,; --E:»:...-,-.:-u.-:; T; g; .l...::'ﬁ; *m&‘.ﬁu;&ﬁ; 3350; S; 3; 3; thne; i; $HH:; N; ); i; 2; f;.-; R; H; HetH; T; E--,;; g'-x.g‘}ﬂ-; i; s; .!x::F:-:; :l,-.»:-:!lzi; ]; i; .-.-:.:-:.:-!; ‘m.':h...N‘gd%wlbz:‘:'b:ﬂ‘.:“;:":--.;.
".'-~.L~.,».-.~¥:-'RRERt; £~=“'=; &; H; 3; ik; :g-:--.z:--:-&.:-g-“'.-:"i.".:m; ...sﬁ‘i»;n.mg; »’3?&'-'!‘{'; b; 25; 5-0:; ‘.ig; FHEs; i; RE:; i; EE; >; e; 3; i; 3t; H; i; ias; i; .&-:";; x'E.-.-z-:-; gl‘.xi'i-?; Y; HHE; i; s; i; :ag.n;.:-‘:-.g:-.-:-";-:r-.;.:.;.q,u:.:‘:.!“:“ﬂ“; :N; -
.::r:::--::,»«.;.~:;:—.:; B; ¥; 3; :,-,u-;:-imz.«g..-::,-; -;-:.-:*'-; 5i; i; S; .mi‘%ﬂz; :; HEL; gl; §; i; L; 4; i; i; :; HiHHE; HE; "i’=§:; B; i; :&:;::,:-px-; :un:,:x-; x,;!';z:-g:,:i::-:i:;'; ‘:==-==:E:=’i-='§€=:=x:~::=;:; ’==::;:_:”‘=::::r:‘::;':::
:::m-‘:-,'—?.us===:=‘:::’~3:::='-,-.; il; i:n,,-a‘ﬂ; :ﬁ-"::!:‘.'v-fﬁz:é:-; q‘i&:ﬁf‘gﬁﬁﬁﬁs; .ﬂ*'ﬁ”’“":f’&.szﬁ';‘s; «-ug»iaa“; §§; HRH; i; :; 1R; E; it; B; JREHIN; e; gt; :::,En,; 4l; 3; igﬂi':; i; 2; Hilt; it; HifisE; ::':M{:; Hi; HHH; .l::i:t:; =‘:.55-;:f.v,:x-;=:=::§§ft:::v::.;;z-t-5:.z.h:u“;““:zus‘&“‘T
.:::t.:;m:bﬁ:za::k::k‘sa:; :En"sh:ﬁ%‘!?sséimﬁﬁiﬁsﬁ%;m-»u:..w.:z‘-'-‘im‘,ﬂ.a.;:nlwnihu; 4; Y; Eﬁ; ik; :; HEHG; HEn; 3; i; HE; 21; I; :E; i; -§25; :;;%m; 3; ]; f; -:.!;i;b; i; i; ik; Hh; g:!:xxw; E!E:#E'i:é:s.g:hz.;zs:§~;kt:.:‘ﬁ-,i:-::..-:g:::;-vz::
~:«~—-::.::-:~:-‘:~oo; a2; B; ST; it; iahist; AnEs; {3"=ﬁ2‘f"’55; i; :; .-Eﬁu”k?}ﬂ; £; ;; Eﬁ; g; -E»; t; dEiiEn; HH; {i:; ‘~:~~..-; H; i; HIH; H; .é!:'.igh"!; i; s; HEH]; 32::135-'.:.:.%:.;-:; :::::';:;':; ~x-?.;.:.--:; .:;:-:-*-:.~; ::-:'L,,ﬁ:::
‘.:z;-.-.-.~z;~:,-=‘-§::~-:-; i; ax; H; :1'.:5‘%-55; :=Et=g:'£~§§;:ﬁ; :E:‘**E..E‘"; a3; .»-_ns«,”; HEn; 58; Siit; s; S; R; b1; 18; HHC; i; 35; N; HHY; HEL; 8; R; 3iad; 1R; il; i; :-ﬁ;l:.uii; i; ,§l‘:.=;; i; :-:-:.-zu-:,:t:ga:".g:-:.x.-; :!:.;.:-:.:r:.if;.:‘f"-;‘:"?x::.:a::':.:.
_:::.-;:=:::::::M.:":En'-nﬁlggfg‘nfﬂgﬁif’ﬁﬁ":-%"g:..:ﬁgﬁ%:&“; ;-,:-'-ﬁ“%‘ﬂ.,.(:"; -parﬁigwa.,iash...; ‘:3§§.; 125; 1; i; i; e; 5}3; i; 3; -‘;ﬂ; Ei; ); IHEE; B; iH; i; i; Eiazl:;::'i-sg; h%!::;q?:; ==-=§,.RE:; §=E:i:m;i:i:ﬂy!::-:::.{x:::s:{g.‘*:;:::::.:-:-r.!:u-M’
.:'::-71;:55'::‘::'-'::'?*:;33;.:; EE?::; h; "Ei; &; &:-'-:t:,‘.-ﬂ't._-:’i:‘; '-..:ﬁﬁ.ﬁ%.na:.; ':3:«:}35_; «.-n{»a&;“:ﬁﬁz;; it; 3; Sias; E;,x:,q; 34; 32; EHR; s; 1; §},=; 3; i; i; I; 'E:H‘:}; s; ~'§xl:;:‘=§“§§!; i; it; -E-z; %:; i”!; 4; Etil;:f:g-;'-{ii‘:~::z~i§=§:~:"5-,:-5:::::5;3&:-::;':X"f
».%::::-:;....SEsnans; :ﬁ-.&:-; uam;; :.:-:;.».:::,-:m.:*v..-%:-:m; £; "“::‘:v:"?.mxm; A; g,amg..; S5; g; i; R; i; :; HH; i; 1312; i; HHHE; ;; :; i; :; !{-5=3t’E':§5-t; S; e; t; EE; ;xz*,:;; ;"tE::E; ::t:,ig:5-‘::::E*&:";‘::5:;:3:;:;‘.::;::~:uL_;:Ewmv:.; :L-T
r*m“ﬁ':‘;ﬂ:‘%ﬁi%“ﬁ*iﬁg:’*"'»mgaf”"";'mszl‘.iﬁiﬁ‘f?ﬁw%g'é; e; o; o; L; d; L; ;; ‘g;gg!,ié; o; i; i; égégigéggféfik%; .; [t; gé; gii%z:gg%:w'giy’isss;i:‘:gar‘:!vklr1
333::':;:5:3?::“:.*“#:3‘5:gi:-»::iﬁ:.«,En::::E:is,-LE:g:f.s-E”‘%E:; fEsE; i:-:.a:;,g-.‘za; £; '3',.:43*“3&; §Ei; o; S; i; H; 5..; HEE; §; 3; i; isian; b; L; i; §; S; ik; it; it; EE=; it; Eih.:i:iﬁﬁ-?ii’gﬁsizs; :'35:::5::; Esiqs.:m:zész%:ixzﬁ:%?Eiz; Ehf
;-“—'3:-:‘-::;%::::“*‘“,5-:;:::IE%;::%ER:EE:%i'i'::::-:m"?.'Em"‘sﬁis:ﬁ'iwa"gu~“ﬁ‘ﬁ§.,~.::~é;g‘f'; ,;33&::; sé?ﬂﬂ‘?;; ‘.aﬁég‘!i?»ﬁﬁ»; 3; 3; i; i; i; 45; '; f; 3; -§=§; &; !:Ei; i; ik; ﬁ!i*,f:; =;=:E=§=; 1t; i; {; .E§'=; ii-:‘; =u*::is;s:h&u‘:hm::&; EmE":ﬁE:E:Emimihs"'mnk:m.;.:?::'; :::?:
E.-"mm::=«:~.5’=:~;.§:=:‘=v-.::; W._rm“:».::»':“-::«m-“r-akgzm; S; ‘:mf”g-ﬂgg; r5§; ‘:L‘*'; Si:; 3; .,=§§; 2; !; i; S; i; £; §; i; i; :E.:}".; 3; =:§.:‘r=; wsgii; i; it; .m.:;iﬂi; !;:’Ezm.--;.s.::t:‘S‘ii:ifg-!;x.;:ﬁ,::ft--gs-.~z
::;_-::=.::=.-:=m;:§::s:a:i‘:::h====£:‘-s==:=:r.:-'§:-S; ﬁﬁ?ﬁm-&iﬁﬁ-ﬁmﬁﬂu; SRR; n?’ﬁ“ﬁ; 5; ﬁg; §; ze,-i; £; S; 313; i; i; 3; t; *.g; {1; it; 1; E-i; i; 4; §‘i=l.:=i§lﬂi; H‘i‘”;‘; ik; ]; i*gulf.; ::::;?E:;:i:::i':-»;::-.;:,5-::&53:5&:;{?‘.'11»:x; =
.-:=-=====:=--::;::v.::::::v.-::e::?t:‘s=‘.:;:-:w-=:=-::5"“‘:mw-=.°a===:-.~ﬁ.=3§r:ﬂ=;-; :m.-ag; eiasst; ‘; »gg%..mﬁ; it; TEE; b; T; ik; GE; it; 1; i; i; shy; i; i; i; gi; :; $; i; i; i; HH; =:=;§z§; £; ifs; :h:é;*-;:!;i; it; :i:i;im*:ﬁ:&l:; §~s;m:3:is§:!-;;:::--5:2:?:5;.i&;!s::;ﬁgt,%::M'N; .
:.-:~"::“§;:7-'--.“/.:”"'-';25=:§;::=:-'r~_.:~::§==“»=-'==§“mg‘=:=“§ma’é‘°-§.:"5;§::’*:§::ﬁf"; e; “E-?.mgsggw-»-_; i; piagE:; R; iEE; el; it; §; it; $; i; HHHN; &; ===!§i.=; i; i; Hi; ittii; ';i:‘i:; i; ,.‘slii:,-; ;:EiE=:=:g;:§;=:mﬁi; ,g:m?u:h:ﬁm—minmz::.;qﬁ':m:.AT'..."
:7"‘—-::'-.-:.; ;2'35'5:5*::-:;3'; g='m=='-=&==:m;=.‘.:¥-":ﬁ‘:~m:-'%; R; ;; Sﬁsg;?:ség:"; «éﬁn; 33; 5; §; €; H3E; £; i; H; 1; i; %E; H; 5:25'; HHH; B; X5; 3; ‘5!; i; i; t; §; i; N; i; :‘-;‘:; H:?!Eﬁ:x; h:-.:%"!!kts.:; :h’[f?; ::h'5:»::h:::‘:h;:hw;x“:E:Efiz‘::::::‘:.i:'
-:r-"“;’;g-“:‘:".::=-g:’i’-?:;wgg.::&'m.z.."‘m_:.:.-.:.-m.-‘_=~=4~..§:"4§-ﬁ:=‘3§?§->ﬁggy:h;w?‘“.;w; Fs; 4; H; £; £; i; !E; HE; 33; ’nf.:,n; i8; H; T; 3; HEH; bt; i; i; i; ‘i:; i; :[E‘i; ~E?§:§; f; i; .:mSriis:; s:-z:éil:E:E:S:-::!;uE’Ek;::i;*ié:szK:;:‘&g;m::‘ixL.»‘
:mzxm:;m“::&#n%; :,:; .%;; E:ﬂqﬁhl; ﬁg&’é; §; HH2; {; i; tHpHE; HERH; HHH; il; i; Hi; e; :-.;-§.; ‘gl!':!l‘; i; ,EB:Ex; hi*; ::[; i; ...ii:ﬂi;i:!g:siﬁE:;Exms::::t.,zlff}!reﬁ::rst.feez:z'-:::; :::::5:5:‘—:_;::«‘
:.’:—E—.’E:""EWE;;:""..;:--;;:mgz-ﬁs:‘:gm::m-m'f.:ri;:ﬁzasﬁ; S; A; shsk; »--; E;:ﬁ:,; -‘.:;,,; g"f; 5; i; i; R; i; 53]; i; S; i; HH; }; 3; 3; 55i1=§; ;; j-::il‘Ef; =E=§; i; i; ‘Efé!ﬁi-!mﬂ; -:::t-fr:ﬂﬁ; usu:i‘i:g‘:h; E:E:SRLR::E*::“”El;!"E::.:W"
:::::*:‘-’:::'m.."g:::‘;?:::-'.-:...:“,::-; r»-:mu..::.«.::-;’*“"s.,_:.; Sraiei; £; 2t; SEs; m:q:gﬁgsg; E’Eﬁ,; z:z?"*; K; 38; ot; i; L; i; SHH; 2H; ]; HE; 3; i; 3; '-z§:; i; in:*; {;; HiH; ife; HE; ’:1:'; HiH; i; :::!:i;::i:; f:utii:::; ::::i:;.u:::255;n;:%:;:e:;::ﬂ,.'-
::=§:"—.-:..-=='-_5-=::;=:~:=§!E'='-3=m=?=§=§:==§:z:-; :"ﬁm.:ﬁq_,’-; EECAEE; «tui@‘.; HEC; Febid; A; 12; £l; :; :; 3; {3; ik; FRtE; %; B; HEE; 3; e; <; +; ’h’ib; HHH; i; sty; 343; IHJ; 3:!!; S; !i; 553; 1; -li':ﬂxi; st; E.!‘:‘.:{E!Fﬁ!m:; :sn:::mu.qﬁ“:; :ilu“;;;”
:=:=::;-.=--::"n§=='~=.=§:::=s-.-,:»; ;.em::::‘-‘-,m-?‘"&;.-:;...-; R; ...gw-:‘:,:«,»; EHE; T; .ag;g.régg"?;; shta; i; SEHAHTE; 3; i; :; tHH; §; REHH; Eég,i!.s; 7; i; i; =1; it; i; §§:=!-; ik; i; .,==zx.‘,-§i=5§s:=; j::mwMEMEE::FS:E§“==*5;[,; '“”
':.~-=-;~=5£--:E=Eg=::::aﬁ%ﬁ%:mﬁgmfzgh-&“&ﬁ.«i; =_==m§§.,=m.;; FEaE; E‘;m; §»*;; i; i); i; ;;,;gi; i; §f5; it; i; i; i; HHH; Hi; it; §i’:; il; i; JHi; :{&s:::e.!,; i; i; i; Smia:s:,&;niiz:swhw
::35'5-:1«-“:?:::3:53:5§:=E"‘:E-‘§=-':§=-=”-=".,."3==§-.:«"':§::-~; o; Hai; .b":ﬂs-%; St; fax; _; #2h; :~,~; S; it; BEERE; Bl; il; e; Hiih; 3; 313; i; it; i; l; i; i:{; i; HH; ;;-.-Hfl::; ’giiﬁ; =:g§; i; ~=53E553i51!;-:;5:2“.5':““
::.m==m.; w; Eg‘:é:; m::n.aimiiv; :.:‘m; !m; msa‘; '; -;gg’.ﬂ“.; ai; :EE'; e; ﬁ;;; i; :if; i; ‘; HE; it; 4; i; !; HEl; HH; i; 1; it; !; ;“ii; i; ik; ri;; ’:E; it; 1; fhf"‘ﬁ!?:i‘ii; :=E=:§E=:.; it; i; :;z;x;:ﬁ,:::{::“
::'::-:'::5?9=; ?15355?:=:‘3?:.°—_""'&:=‘-'?-'==m; E;-ﬁ”'m%-."&::"«f--a-m; ..-=-“;‘£’*=:;=?&=§=‘53§‘_; i; ”*g;;:=; -:§§; §; 35; H; i; H:; qaE; HEHRR; il; [i; {REHRE; {HHE; i; i; i; L; 1; e; tiﬁ.z:-igiigti; {ii‘;s'si;&xziE:iu&::;:p:;;,z!»
E:::-:r...gt.'.-=-§.-':.:‘-:““:.-',,m..."".":::m-r-:“:":,::&»-g"'; ;ﬁ:m..nw:-iﬁ*; S; Her; SHEE; GG; 3t; e; i; ;,x-‘::; HE; it; s; ~§=; :; it; i; i; i; HH; i; i; HHH; Hi; ::~:::!i-; .!E-,; :{.tii‘im--!:x;}!‘,:;;w
:3="~:==5:=:::-=-=:r:..~:.:==:g=-.—_rc,-":§St; ::g:-?ié"xonﬁ-;“c:-ﬁﬁgﬁ-; ’{’:_; 25; e; a; e; HEH:; :fez;; .v;’a; i; HELE; HH; it; 3; i; i; HH; ih; T; i; ‘.aﬁEin; qisn-:hitt; .q;-i,ms%m
._.-»:---:_-!-.:’:::»; ':'..f;‘”ﬁ"'; ]; =; ,,m.--«_; ..-.._“n; :; 53; £33; 4,; '~~»; L; i; -&g; H; sg-; 2E; &; b; t; It; 3; H; i; H; 1]; i; el; -;:l;:lm:; i
..:rmﬂm-t23"; &”L‘Emhwzm-rqc%‘ma.; .%%:‘g;ﬁ”:; mm»s“%; i; B; R; ~§; 43; e; :; -3%:; i; .-.sﬁ; TR; e; it; il; i; 3; 'EE; i; J‘i; il; :ﬂExiu; ‘§X.g-..; HEEH
::.-*_-!‘:;-"‘:.:._.-a;.""-:::I; ted; Siias:; 3; 2En; 5; H; :; :; ’..w.ke.(; '3; i; 1t; s; 3; 3; 11; 3L; HelsRH; 33; §; i; 15-!; 'hiv-“!; l“mL!.ﬁ
-.”E:?T;-Lm'“.:-:.",..::..-m£; "'":"-:';-'x:; i; 3“:-:.;‘#*:.; S; e; i; S; Hi; 2; Hin; ,.,,;; §5; iz; e; i_; B; Hili; ¥; iH; i; ik; i; il; i; }; ih; ]; :.mi,.,:,.t; nibd
:-"“:J-;--.:::m::::?:?;".-t:-:":ﬁ2; ,\;;Fﬁ.-.::..._:z:%rﬁ-‘“-; SRR; SR; -_.."; 3._*#; I; §§; H; it; Bin; ;“45'.; H; EEM{E:; HHEE; it; it; £; N; i; i; HH; i; i; ﬁm;::-; ,in:x:,il-
E:_.-','.”:EE:":,.‘.E:E:::.{:E::::‘.“.":-&;‘-m,:":t"aiﬁ;ﬁ'; ::-E;':“_.,q;‘;;; “‘-\.; i; s; 258; G; -t; E43; Qz"ga; :§; d; i; »":»; Le_*‘; SHHY; Ei; HE; AR; $iH; %;:; H; i; HHiH; £; HH; 1igl§‘§,§§s“imu
..-:.-e::::-:;.;:::::::-::'ﬁ%?m*.mﬁi'isﬁmﬁ‘?zfé:i; ;ma:; I; :; r".’-,g-,; t; z.s;.gl; 5; Hati; it; ¢; .fgi; :; i; E; g; i; HHHE; i; ;; i; i; SE.:;u; ngs;‘; 1
::'-‘-‘-.5:"@&'E”WJE?:%5*--3......-":2#:-,—:«;%;%:5:3‘-:"«;:-; ,."z?ﬂﬁ; ‘%; s; 'T; ;1:-34:; ’3,’,’*; §; ;;; 13; -‘-%; i; 5_;_,; Hi; -Ef;; Eg:; HHH; =.§; HH; Hil; HHH; i; Hi; “r‘."‘ii‘ihm
::'__.n:'“imﬁ_?-':z««:m—«,.-m:,}"'":ﬁ::":&m::':.s%--:ﬁ.b@:’; 25; 33; S; ~,.ﬁée~§..‘; :; bisrs; :»;;; b; it; e; -‘s; 2; B; 5; Raht; 15K; ‘;~; -;“; H; ;’; il; ); ;5"; :5; 1!;}3]
:qs::ma-"':::’-‘-“,e; .:ﬁ;;::*-'-'i:.“-:-.'ﬁ'; ='~E=-:.-'; Al; :; ""»%":%n?'gi; 525; }»».; 3; '.Z’*ia; -.A_,n; £; e; e; H; EE; g; HiHH; i; {; HHHE; H; H; il; it; it
:;:::&%:”ﬁ:ﬁ"mwmﬁfzﬁ;ﬁz‘uinr%zgi; Shatts; et; ﬁﬁé; e; b; §; a; Hi; ik; 34!3; H:; H; Hil; Hife; §; -ag; H; Hi; ‘; 5;; Hil; i; lgili'“!
wu:mﬁmugﬁmlmr.; ‘; £; EHanin; :::-':;.hia.; tht; xg; i; S; ,.:s,; S5; ]; Hige; i; i; Hil:; :; i; i; it; 3]
::m-:&ﬁmmm:“.ﬁ:h""-m:ﬁﬂ..-?ﬂﬁ’.;:::ﬁ%zﬁmggi; i35; ~§::;=-'=-E; SHams:; a—z»s-.e%‘ti; iHE; ii‘:ai.w?; ‘:;'g; EiiE;; 4; 1HHE; HEH; §; H; :; §; §; ]; i
‘.zz..:””.:“:“:,::‘;:'.ST; ]; ,..:?,; SEisE; "; ‘_."3"‘"'-.; eyt; g; .a; ":; ki3t; 3; £; R; !-VEE;; H; HE; H; 4; H; il; ‘:;l,l"
::::-»_--“.'Z.'~=.‘a=§;,'§="-:'§55-§"'5-—»:»%"::55';5%:#-«‘:%“,».:&5'; :sgz; =§§§E§.; i; 252; He; HHEH; H; ;5:5.; 3HE; ~:s§; g; 1HH; i; §§; i; Hi; L
Ji:::-::.ﬂm'-f‘-'-.w=-u.~:===‘?.:=€.ﬁ'§x§=":§‘;siﬂ'm=tw35; 5; ‘9'-‘:‘..==:'§".’.':; h3E; 3; »;&l-'-; ﬁﬁﬁ; éﬁg; 2;:;; ‘aﬁ“; nkggléig; 3; :; .; *; .; i‘
3:".:.'_.:.":-42‘1_::::'::'-;.:-2;:-; :-g:-:":'.:m; ~-=.-.u.; 2; ."’"*sz;::-;; t; o; ?3:; 3; ».sz,.-'; SN; B; 5; t; --r-z,:; it; i; V'; ‘”; i; :; ‘; ;
-"-";‘Z.“ta"’é’m;&«%u“’ﬁ; ,ﬁii"'@wﬁ%ﬂg; o; fi; i; ﬁ; ?5‘5523'@; i; .; H'I; ‘.‘“
's=,=.5555-.:'».r«;am;:s&azm@wﬁﬁ"ﬁ%ﬁa&ﬁ;ﬁ:ss?:-»:ﬁ?”%s‘g; =,:~,¢2's‘e§t§§f.; iswg; i?f; Hi; 7@5%; .; ‘; 1; E
Eh%&:m;zkﬁ:iliw...;-.:“*::""..-:; =_,.c:,.-;m-;; i; r::m;-;; 3; 2; 'ﬁ{,:ﬁ; Bl; HE; ,&}’,,; e; 3HE; B; ,; JHE; Hild; Hit; HhiE; {
W-:a‘rm‘k‘:’::”:.:':a“.:«; -zausgg.‘; :g:.-":“~; %; SRR; bek; Bi5iz; fte; b; 3; &; 35; 3; H; K; $HE; 3L; 3; ¥; 5; 3
5.::“::“7""?-'~w~m§’§yéfﬁ”§“’ﬁ“’:’€ﬂé‘§§=§y&”‘;‘?‘ne; 3“3i§g; §§-.5; i; i; 5-5353; e; i; il
EE;:%::n:ﬁ"‘u::mg:-"u.*gm:?’riz'g.‘--m"ﬁ“*.“:z:’mgﬁ; EEEEy; ,-,:w.ﬁ; Iy; §r‘; e; B; .;;-;'; HEE; i; HE; Hi:; HEl; HElHE; SHEE; 31; E; &; b1ELE; -‘;%'m; w‘:"”h«-.;mu-gf; ~sa==',=;--»,.;=;=.-,;§§; S; o; FifE; i; Lt; 0; A; i; it; i; il; it
:‘::r“'::r:z-:“:‘:F:::E‘v..’vsk; ““."m; i; i+; i1; ’E'%“; Hieris; H..; s; b; £15; 1; ;’:‘Eig; HIEt; EE; E; HaHE; ]; _,; H; $IHH; IRRRA
3::“mi&k:.;:‘m;; -; ";=; =”==”“«; :; "-”ﬁ”-.”:.’; =:..§§=.-u.; Hesiget; s; Hi; i; EEH; HE; F; g; Bt; il; A; b; i; i; #1434
:-;:m::T%%%;ﬁﬁ%—ﬁ%%%;ﬁg%’ég%; -,,r; ééﬂﬁé; §r; b; §§§§; i; i; :'EE:;%§=E==.==.E§%§’EE§§?‘g's”:E:u'{Esﬁ,E%gggmsﬁgig; .Eigggﬁﬁ; E‘; EQE; £; 'EEE‘-,‘:."; i3; Heelas; 3; 513; ::'3; ]; Si; ?{; LS; Ef}; £; AHEE; H; !!; 1K
}Egﬂ.:z-::‘*?:.""'?"h; &:ﬁnm-i’mﬁéf&?; .5;,:‘;:45-:::; H; i; §H; i; Hif; ~%_; i; il; i; [t; ;; AHERIENT
:m:,"~*amfﬁg,§=%=;§??r§§é§§;§§§"§§3ié‘?gﬁ§=§§*; f—;;;; i; i; i; i; i; Bl; 'Ei; i; Al
i::::=E=:-:; :::; i3; EE:;."-EE:”:‘!:"’F"; %ﬁﬁsmaﬁ; 53; f; 38; FEias; .l«ﬂ-mﬁ?_; 2; %; SEISE; -; B; B; 3%; I3; Hz; ¥; 413; i; '<.5; HE
oSEanen; H; o; ,-'n,-,,-; B; ikt; ’; ..; =l; E; A; ‘; ”; “; A; *; 4.; r; :; ;; ;; '; .
£u::’%‘t‘-::; i; ::::::’3»-%:5%313%"*; ’&iﬂz; Ea; ;‘F.’;:Eg; igsg‘n; ;Esﬁ=§E; g; E; §; é; E.’; .‘d; gl; E; Ei::::a:; ds%ﬁ:;'fdﬁ’ix’&‘!%ﬁ.&; i; ‘“:ﬂ'.;ﬁ‘:; HHH; -'gﬁaius; Bt; g; E,S-Eg; 35; SR; i; -; 1; H; H; LS; it; FE
2::-'_:E:x'-é::".:-r?fi:"ﬁnx-.;:g'.'-'s; Sge; "?555‘;—; ==§:E:=-=E; :=§ﬁ-n§.,..; L; ,“WE; i; ."; q; E‘
LB; :::-:;:r:l.:::::ﬁ;-?‘Eﬁ-i-“i; FiE; ns&;ifﬁ-—n; ::‘-:,iza; i; i; i; i; E; .; ::::=:; I; NErEeY; ':,..‘,'...-t; ves; 3; arn; i; NREE; T; {; éE; BEpiEhL:; :; .‘-; =“'=‘“; ::h'::“"; =E"«::;TE£'.'§=; ,13-:?;; 1; =§§i§EEE; H; Han; H; "Eg; ¢; Tek; 3; nod; H; 43:5; e; 3; g; 2; d
SoEeE; aras; giste; gt; “BER; SHEo; i; Ehit; i; ‘:; '; z’é’; g’”g"&fg:%s#a; ‘:ﬁ%‘ipﬁ?%ﬁééﬁ‘f’é; 3»;},:‘%25; §§§; 3; Eig; R
:;E%&m; ﬁg.:.:&m'; =g"=E::.; it; 1; E;; Hif; E2; $38; SEiE; S; :; i; y; ‘; 1
3:5:2;:*'2’; ]; :5".:3'_..::\'2; £an; EiaEE; i; 13; A; [; i; -; ‘X; i:'; .; .i; ’
E’::Ex%%j?wi%wgﬁiiﬁg; it; E; =§*§§§§; il; i; iiiég‘g'tgt; i; i
L"m“"mu".'t:;‘-:*':; aH; Haid; ite; b; Bt; i; 1; +1$4
Mﬂmﬂ%%éﬁ;gsg%gﬁ%é; i; .; i; i; H; i; iy
™_.’.'.:-; 44; A; 24; .9; !; ae; :; .; -.‘; ..; 4‘; '; :
=E‘:’E?;Eﬁ.&:!;i:ﬁ,zégiﬁ; gﬁ=&::§; igg?; ;;; it; ;§§l3§§1§; 2?; ;aihg; }5; iqéﬁ; B
QEE’::’::"’-EEE:‘,A,E‘.!::; ;,E':';Eiu_.; 1350; e; {Eh; aE; JEh; "E; fasizn
3-; £; ”nnﬁi"; G; -usgig.-éiiii; i; =E-’,;§\.§»; %; .
':ﬂgﬂikﬁ; s; Fiait; :-E‘r'ig?’i'n‘sg’i; 43&5:; i; i; it; SHsH
]ﬁ-...“.:; Hhiea; ;;:*_ﬁ":i::.‘:;; i; g; -; qw.'j; ‘!l.‘.v; E; !; ‘; uiﬁéiﬁséésézasa;eigssz; :MM; ae;ﬁ; e; it
3si‘::;:-»:uéx.z.é.;géaf::; :&-;-végf;!sm-; i; .
io; i; :»;%?agmi; i; Ll
4E»E'ﬂ:; 3; zfff.:,izg.zzg; :; .';.“h; FE; ?sisiégi; ;s;;;Egi:‘E:»;; 4§r€§§; it
4f:::nfﬂ;r}ziz,,ir;zggﬁg; i; :Tbgﬂ?riﬁg‘gx}!; I
{.:::r-':siﬁ‘ii; e; 11
it;i:?ﬁ:ﬁg;gbzq; i
::E‘ﬁﬁhﬁk; T
£s'.:"':; }
i%’::;,”
itTRe
